t,x,y,vx,vy,v,theta,omega
0.0000000000,0.0000000000,0.0000000000,0.1957570985,0.5060709005,0.5426127514,1.2017055412,-0.1088982321
0.2000000000,0.0391514197,0.1012141801,0.2110295735,0.5121172305,0.5538930751,1.1799258948,-0.1541361311
0.4000000000,0.0844118294,0.2048468922,0.2408528875,0.5241363775,0.5768267120,1.1400510887,-0.1866574347
0.6000000000,0.1354925747,0.3108687311,0.2692446597,0.5359601518,0.5997882719,1.1052629209,-0.1630477823
0.8000000000,0.1921096933,0.4192309529,0.2962340972,0.5474928455,0.6224974347,1.0748319758,-0.1429140508
1.0000000000,0.2539862136,0.5298658693,0.3218617585,0.5586411068,0.6447285303,1.0480973006,-0.1259069272
1.2000000000,0.3208543967,0.6426873956,0.3461792240,0.5693146955,0.6663026922,1.0244692049,-0.1116787100
1.4000000000,0.3924579032,0.7575917475,0.3692486802,0.5794272142,0.6870811338,1.0034258166,-0.0999062382
1.6000000000,0.4685538688,0.8744582813,0.3911424162,0.5888968065,0.7069595735,0.9845067097,-0.0903006599
1.8000000000,0.5489148697,0.9931504701,0.4119422378,0.5976468205,0.7258637126,0.9673055526,-0.0826096711
2.0000000000,0.6333307639,1.1135170095,0.4317388042,0.6056064292,0.7437456166,0.9514628412,-0.0766157411
2.2000000000,0.7216103914,1.2353930418,0.4506308973,0.6127112030,0.7605808464,0.9366592562,-0.0721323751
2.4000000000,0.8135831228,1.3586014907,0.4687246193,0.6189036322,0.7763661988,0.9226098912,-0.0689996068
2.6000000000,0.9091002391,1.4829544947,0.4861325345,0.6241335920,0.7911179316,0.9090594135,-0.0670793668
2.8000000000,1.0080361366,1.6082549275,0.5029727600,0.6283587480,0.8048703706,0.8957781445,-0.0662509949
3.0000000000,1.1102893431,1.7342979939,0.5193680067,0.6315448997,0.8176748051,0.8825590155,-0.0664070570
3.2000000000,1.2157833393,1.8608728874,0.5354445875,0.6336662568,0.8295985964,0.8692153217,-0.0674495064
3.4000000000,1.3244671781,1.9877644966,0.5513313953,0.6347056480,0.8407244299,0.8555792129,-0.0692861707
3.6000000000,1.4363158974,2.1147551466,0.5671588590,0.6346546598,0.8511496393,0.8415008534,-0.0718275723
3.8000000000,1.5513307217,2.2416263605,0.5830578875,0.6335137045,0.8609855481,0.8268481840,-0.0749840926
4.0000000000,1.6695390524,2.3681606284,0.5991588105,0.6312920182,0.8703567616,0.8115072164,-0.0786635120
4.2000000000,1.7909942459,2.4941431678,0.6155903242,0.6280075842,0.8794003486,0.7953827792,-0.0827689668
4.4000000000,1.9157751821,2.6193636621,0.6324784483,0.6236869885,0.8882648519,0.7783996296,-0.0871974269
4.6000000000,2.0439856252,2.7436179632,0.6499455055,0.6183652045,0.8971090715,0.7605038085,-0.0918388186
4.8000000000,2.1757533843,2.8667097439,0.6681091340,0.6120853090,0.9061005686,0.7416641022,-0.0965758866
5.0000000000,2.3112292788,2.9884520868,0.6870813322,0.6048981350,0.9154138468,0.7218734538,-0.1012849436
5.2000000000,2.4505859172,3.1086689979,0.7069675545,0.5968618600,0.9252281897,0.7011501247,-0.1058376044
5.4000000000,2.5940163006,3.2271968308,0.7278658565,0.5880415330,0.9357251464,0.6795384121,-0.1101035014
5.6000000000,2.7417322598,3.3438856111,0.7498661008,0.5785085508,0.9470856943,0.6571087242,-0.1139539598
5.8000000000,2.8939627409,3.4586002511,0.7730492307,0.5683400787,0.9594871329,0.6339568281,-0.1172664523
6.0000000000,3.0509519521,3.5712216426,0.7974866150,0.5576184255,0.9730997942,0.6102021433,-0.1199295168
6.2000000000,3.2129573869,3.6816476213,0.8232394695,0.5464303777,0.9880836917,0.5859850214,-0.1218477557
6.4000000000,3.3802477399,3.7897937937,0.8503583618,0.5348664978,1.0045852447,0.5614630410,-0.1229464398
6.6000000000,3.5531007316,3.8955942204,0.8788828020,0.5230203900,1.0227342314,0.5368064455,-0.1231752215
6.8000000000,3.7318008607,3.9990019497,0.9088409237,0.5109879427,1.0426411187,0.5121929524,-0.1225105276
7.0000000000,3.9166371011,4.0999893975,0.9402492545,0.4988665532,1.0643948978,0.4878022345,-0.1209563542
7.2000000000,4.1079005625,4.1985485710,0.9731125837,0.4867543385,1.0880615271,0.4638104107,-0.1185433537
7.4000000000,4.3058821346,4.2946911329,1.0074239235,0.4747493410,1.1136830332,0.4403848930,-0.1153262974
7.6000000000,4.5108701319,4.3884483074,1.0431645640,0.4629487360,1.1412772843,0.4176798918,-0.1113802191
7.8000000000,4.7231479602,4.4798706273,1.0803042270,0.4514480437,1.1708384001,0.3958328054,-0.1067956402
8.0000000000,4.9429918227,4.5690275249,1.1188013093,0.4403403568,1.2023377227,0.3749616357,-0.1016733565
8.2000000000,5.1706684839,4.6560067700,1.1586032195,0.4297155870,1.2357252550,0.3551634628,-0.0961192698
8.4000000000,5.4064331105,4.7409137597,1.1996468052,0.4196597367,1.2709314505,0.3365139277,-0.0902396452
8.6000000000,5.6505272060,4.8238706647,1.2418588630,0.4102542035,1.3078692393,0.3190676047,-0.0841370824
8.8000000000,5.9031766557,4.9050154411,1.2851567305,0.4015751207,1.3464361847,0.3028590948,-0.0779073755
9.0000000000,6.1645898982,4.9845007130,1.3294489573,0.3936927413,1.3865166802,0.2879046545,-0.0716372883
9.2000000000,6.4349562386,5.0624925376,1.3746360432,0.3866708695,1.4279841080,0.2742041794,-0.0654032109
9.4000000000,6.7144443155,5.1391690608,1.4206112447,0.3805663442,1.4707029105,0.2617433702,-0.0592705854
9.6000000000,7.0032007365,5.2147190753,1.4672614395,0.3754285790,1.5145305377,0.2504959453,-0.0532939474
9.8000000000,7.3013488913,5.2893404924,1.5144680410,0.3712991613,1.5593192471,0.2404257912,-0.0368789659
10.0000000000,7.6089879529,5.3632387398,1.5381953080,0.3694912370,1.5819508778,0.2357443589,-0.0234071612
